,categoria,subcategoria,qtd_itens_subcategoria,link_subcategoria
0,Farmácia,Dor e Febre,71,https://www.mecofarma.com/pt/farmacia/dor-e-febre?p=1&product_list_limit=36
1,Farmácia,Dor e Febre,71,https://www.mecofarma.com/pt/farmacia/dor-e-febre?p=2&product_list_limit=36

2,Farmácia,Gripe e Constipação,12,https://www.mecofarma.com/pt/farmacia/gripe-e-constipac-o?p=1&product_list_limit=36
3,Farmácia,Dor de Garganta e Rouquidão,30,https://www.mecofarma.com/pt/farmacia/dor-de-garganta-e-rouquid-o?p=1&product_list_limit=36
4,Farmácia,Tosse,39,https://www.mecofarma.com/pt/farmacia/tosse?p=1&product_list_limit=36
5,Farmácia,Tosse,39,https://www.mecofarma.com/pt/farmacia/tosse?p=2&product_list_limit=36
6,Farmácia,Medicação Infantil,62,https://www.mecofarma.com/pt/farmacia/medicac-o-infantil?p=1&product_list_limit=36
7,Farmácia,Medicação Infantil,62,https://www.mecofarma.com/pt/farmacia/medicac-o-infantil?p=2&product_list_limit=36
8,Farmácia,Nasais,24,https://www.mecofarma.com/pt/farmacia/nasais?p=1&product_list_limit=36
9,Farmácia,Cérebro,12,https://www.mecofarma.com/pt/farmacia/cerebro?p=1&product_list_limit=36
10,Farmácia,Afecções da Pele,116,https://www.mecofarma.com/pt/farmacia/afeccoes-da-pele?p=1&product_list_limit=36
11,Farmácia,Afecções da Pele,116,https://www.mecofarma.com/pt/farmacia/afeccoes-da-pele?p=2&product_list_limit=36
12,Farmácia,Afecções da Pele,116,https://www.mecofarma.com/pt/farmacia/afeccoes-da-pele?p=3&product_list_limit=36
13,Farmácia,Afecções da Pele,116,https://www.mecofarma.com/pt/farmacia/afeccoes-da-pele?p=4&product_list_limit=36
14,Farmácia,Circulação Sanguínea,12,https://www.mecofarma.com/pt/farmacia/circulac-o-sanguinea?p=1&product_list_limit=36
15,Farmácia,Cessação Tabágica,9,https://www.mecofarma.com/pt/farmacia/cessac-o-tabagica?p=1&product_list_limit=36
16,Farmácia,Boca e Dentes,9,https://www.mecofarma.com/pt/farmacia/boca-e-dentes?p=1&product_list_limit=36
17,Farmácia,Estômago,20,https://www.mecofarma.com/pt/farmacia/estomago?p=1&product_list_limit=36
18,Farmácia,Intestinos,60,https://www.mecofarma.com/pt/farmacia/intestinos?p=1&product_list_limit=36
19,Farmácia,Intestinos,60,https://www.mecofarma.com/pt/farmacia/intestinos?p=2&product_list_limit=36
20,Farmácia,Hidratação Oral,3,https://www.mecofarma.com/pt/farmacia/hidratac-o-oral?p=1&product_list_limit=36
21,Farmácia,Figado / Vesícula / Detox,2,https://www.mecofarma.com/pt/farmacia/figado-vesicula-detox?p=1&product_list_limit=36
22,Farmácia,Ginecológicos e Contraceptivos,24,https://www.mecofarma.com/pt/farmacia/ginecologicos-e-contraceptivos?p=1&product_list_limit=36
23,Farmácia,Ossos Músculos e Articulações,16,https://www.mecofarma.com/pt/farmacia/ossos-musculos-e-articulacoes?p=1&product_list_limit=36
24,Farmácia,Vitaminas e Minerais,12,https://www.mecofarma.com/pt/farmacia/vitaminas-e-minerais-1?p=1&product_list_limit=36
25,Farmácia,Cabelo e Unhas,10,https://www.mecofarma.com/pt/farmacia/cabelo-e-unhas?p=1&product_list_limit=36
26,Farmácia,Auriculares,1,https://www.mecofarma.com/pt/farmacia/auriculares?p=1&product_list_limit=36
27,Farmácia,Oftálmicos,15,https://www.mecofarma.com/pt/farmacia/oftalmicos?p=1&product_list_limit=36
28,Mamã e Bebé,Hidratação e Higiene Bebé,266,https://www.mecofarma.com/pt/mam-e-bebe/hidratac-o-e-higiene-bebe?p=1&product_list_limit=36
29,Mamã e Bebé,Hidratação e Higiene Bebé,266,https://www.mecofarma.com/pt/mam-e-bebe/hidratac-o-e-higiene-bebe?p=2&product_list_limit=36
30,Mamã e Bebé,Hidratação e Higiene Bebé,266,https://www.mecofarma.com/pt/mam-e-bebe/hidratac-o-e-higiene-bebe?p=3&product_list_limit=36
31,Mamã e Bebé,Hidratação e Higiene Bebé,266,https://www.mecofarma.com/pt/mam-e-bebe/hidratac-o-e-higiene-bebe?p=4&product_list_limit=36
32,Mamã e Bebé,Hidratação e Higiene Bebé,266,https://www.mecofarma.com/pt/mam-e-bebe/hidratac-o-e-higiene-bebe?p=5&product_list_limit=36
33,Mamã e Bebé,Hidratação e Higiene Bebé,266,https://www.mecofarma.com/pt/mam-e-bebe/hidratac-o-e-higiene-bebe?p=6&product_list_limit=36
34,Mamã e Bebé,Hidratação e Higiene Bebé,266,https://www.mecofarma.com/pt/mam-e-bebe/hidratac-o-e-higiene-bebe?p=7&product_list_limit=36
35,Mamã e Bebé,Hidratação e Higiene Bebé,266,https://www.mecofarma.com/pt/mam-e-bebe/hidratac-o-e-higiene-bebe?p=8&product_list_limit=36
36,Mamã e Bebé,Primeiros Dentes,23,https://www.mecofarma.com/pt/mam-e-bebe/primeiros-dentes?p=1&product_list_limit=36
37,Mamã e Bebé,Saúde Bebé,26,https://www.mecofarma.com/pt/mam-e-bebe/saude-bebe?p=1&product_list_limit=36
38,Mamã e Bebé,Chupetas e Biberões,186,https://www.mecofarma.com/pt/mam-e-bebe/chupetas-e-biberoes?p=1&product_list_limit=36
39,Mamã e Bebé,Chupetas e Biberões,186,https://www.mecofarma.com/pt/mam-e-bebe/chupetas-e-biberoes?p=2&product_list_limit=36
40,Mamã e Bebé,Chupetas e Biberões,186,https://www.mecofarma.com/pt/mam-e-bebe/chupetas-e-biberoes?p=3&product_list_limit=36
41,Mamã e Bebé,Chupetas e Biberões,186,https://www.mecofarma.com/pt/mam-e-bebe/chupetas-e-biberoes?p=4&product_list_limit=36
42,Mamã e Bebé,Chupetas e Biberões,186,https://www.mecofarma.com/pt/mam-e-bebe/chupetas-e-biberoes?p=5&product_list_limit=36
43,Mamã e Bebé,Chupetas e Biberões,186,https://www.mecofarma.com/pt/mam-e-bebe/chupetas-e-biberoes?p=6&product_list_limit=36
44,Mamã e Bebé,Amamentação e Acessórios,44,https://www.mecofarma.com/pt/mam-e-bebe/amamentac-o-e-acessorios?p=1&product_list_limit=36
45,Mamã e Bebé,Amamentação e Acessórios,44,https://www.mecofarma.com/pt/mam-e-bebe/amamentac-o-e-acessorios?p=2&product_list_limit=36
46,Mamã e Bebé,Alimentação Infantil,196,https://www.mecofarma.com/pt/mam-e-bebe/alimentac-o-infantil?p=1&product_list_limit=36
47,Mamã e Bebé,Alimentação Infantil,196,https://www.mecofarma.com/pt/mam-e-bebe/alimentac-o-infantil?p=2&product_list_limit=36
48,Mamã e Bebé,Alimentação Infantil,196,https://www.mecofarma.com/pt/mam-e-bebe/alimentac-o-infantil?p=3&product_list_limit=36
49,Mamã e Bebé,Alimentação Infantil,196,https://www.mecofarma.com/pt/mam-e-bebe/alimentac-o-infantil?p=4&product_list_limit=36
50,Mamã e Bebé,Alimentação Infantil,196,https://www.mecofarma.com/pt/mam-e-bebe/alimentac-o-infantil?p=5&product_list_limit=36
51,Mamã e Bebé,Alimentação Infantil,196,https://www.mecofarma.com/pt/mam-e-bebe/alimentac-o-infantil?p=6&product_list_limit=36
52,Mamã e Bebé,Muda da Fralda,115,https://www.mecofarma.com/pt/mam-e-bebe/muda-da-fralda?p=1&product_list_limit=36
53,Mamã e Bebé,Muda da Fralda,115,https://www.mecofarma.com/pt/mam-e-bebe/muda-da-fralda?p=2&product_list_limit=36
54,Mamã e Bebé,Muda da Fralda,115,https://www.mecofarma.com/pt/mam-e-bebe/muda-da-fralda?p=3&product_list_limit=36
55,Mamã e Bebé,Muda da Fralda,115,https://www.mecofarma.com/pt/mam-e-bebe/muda-da-fralda?p=4&product_list_limit=36
56,Mamã e Bebé,Acessórios para Bebé,228,https://www.mecofarma.com/pt/mam-e-bebe/acessorios-para-bebe?p=1&product_list_limit=36
57,Mamã e Bebé,Acessórios para Bebé,228,https://www.mecofarma.com/pt/mam-e-bebe/acessorios-para-bebe?p=2&product_list_limit=36
58,Mamã e Bebé,Acessórios para Bebé,228,https://www.mecofarma.com/pt/mam-e-bebe/acessorios-para-bebe?p=3&product_list_limit=36
59,Mamã e Bebé,Acessórios para Bebé,228,https://www.mecofarma.com/pt/mam-e-bebe/acessorios-para-bebe?p=4&product_list_limit=36
60,Mamã e Bebé,Acessórios para Bebé,228,https://www.mecofarma.com/pt/mam-e-bebe/acessorios-para-bebe?p=5&product_list_limit=36
61,Mamã e Bebé,Acessórios para Bebé,228,https://www.mecofarma.com/pt/mam-e-bebe/acessorios-para-bebe?p=6&product_list_limit=36
62,Mamã e Bebé,Acessórios para Bebé,228,https://www.mecofarma.com/pt/mam-e-bebe/acessorios-para-bebe?p=7&product_list_limit=36
63,Mamã e Bebé,Especial Mamã,46,https://www.mecofarma.com/pt/mam-e-bebe/especial-mam?p=1&product_list_limit=36
64,Mamã e Bebé,Especial Mamã,46,https://www.mecofarma.com/pt/mam-e-bebe/especial-mam?p=2&product_list_limit=36
65,Mamã e Bebé,Segurança e Passeio,179,https://www.mecofarma.com/pt/mam-e-bebe/seguranca-e-passeio?p=1&product_list_limit=36
66,Mamã e Bebé,Segurança e Passeio,179,https://www.mecofarma.com/pt/mam-e-bebe/seguranca-e-passeio?p=2&product_list_limit=36
67,Mamã e Bebé,Segurança e Passeio,179,https://www.mecofarma.com/pt/mam-e-bebe/seguranca-e-passeio?p=3&product_list_limit=36
68,Mamã e Bebé,Segurança e Passeio,179,https://www.mecofarma.com/pt/mam-e-bebe/seguranca-e-passeio?p=4&product_list_limit=36
69,Mamã e Bebé,Segurança e Passeio,179,https://www.mecofarma.com/pt/mam-e-bebe/seguranca-e-passeio?p=5&product_list_limit=36
70,Saúde e Beleza,Cuidado Corporal,705,https://www.mecofarma.com/pt/saude-e-beleza/cuidado-corporal?p=1&product_list_limit=36
71,Saúde e Beleza,Cuidado Corporal,705,https://www.mecofarma.com/pt/saude-e-beleza/cuidado-corporal?p=2&product_list_limit=36
72,Saúde e Beleza,Cuidado Corporal,705,https://www.mecofarma.com/pt/saude-e-beleza/cuidado-corporal?p=3&product_list_limit=36
73,Saúde e Beleza,Cuidado Corporal,705,https://www.mecofarma.com/pt/saude-e-beleza/cuidado-corporal?p=4&product_list_limit=36
74,Saúde e Beleza,Cuidado Corporal,705,https://www.mecofarma.com/pt/saude-e-beleza/cuidado-corporal?p=5&product_list_limit=36
75,Saúde e Beleza,Cuidado Corporal,705,https://www.mecofarma.com/pt/saude-e-beleza/cuidado-corporal?p=6&product_list_limit=36
76,Saúde e Beleza,Cuidado Corporal,705,https://www.mecofarma.com/pt/saude-e-beleza/cuidado-corporal?p=7&product_list_limit=36
77,Saúde e Beleza,Cuidado Corporal,705,https://www.mecofarma.com/pt/saude-e-beleza/cuidado-corporal?p=8&product_list_limit=36
78,Saúde e Beleza,Cuidado Corporal,705,https://www.mecofarma.com/pt/saude-e-beleza/cuidado-corporal?p=9&product_list_limit=36
79,Saúde e Beleza,Cuidado Corporal,705,https://www.mecofarma.com/pt/saude-e-beleza/cuidado-corporal?p=10&product_list_limit=36
80,Saúde e Beleza,Cuidado Corporal,705,https://www.mecofarma.com/pt/saude-e-beleza/cuidado-corporal?p=11&product_list_limit=36
81,Saúde e Beleza,Cuidado Corporal,705,https://www.mecofarma.com/pt/saude-e-beleza/cuidado-corporal?p=12&product_list_limit=36
82,Saúde e Beleza,Cuidado Corporal,705,https://www.mecofarma.com/pt/saude-e-beleza/cuidado-corporal?p=13&product_list_limit=36
83,Saúde e Beleza,Cuidado Corporal,705,https://www.mecofarma.com/pt/saude-e-beleza/cuidado-corporal?p=14&product_list_limit=36
84,Saúde e Beleza,Cuidado Corporal,705,https://www.mecofarma.com/pt/saude-e-beleza/cuidado-corporal?p=15&product_list_limit=36
85,Saúde e Beleza,Cuidado Corporal,705,https://www.mecofarma.com/pt/saude-e-beleza/cuidado-corporal?p=16&product_list_limit=36
86,Saúde e Beleza,Cuidado Corporal,705,https://www.mecofarma.com/pt/saude-e-beleza/cuidado-corporal?p=17&product_list_limit=36
87,Saúde e Beleza,Cuidado Corporal,705,https://www.mecofarma.com/pt/saude-e-beleza/cuidado-corporal?p=18&product_list_limit=36
88,Saúde e Beleza,Cuidado Corporal,705,https://www.mecofarma.com/pt/saude-e-beleza/cuidado-corporal?p=19&product_list_limit=36
89,Saúde e Beleza,Cuidado Corporal,705,https://www.mecofarma.com/pt/saude-e-beleza/cuidado-corporal?p=20&product_list_limit=36
90,Saúde e Beleza,Cuidado do Rosto,614,https://www.mecofarma.com/pt/saude-e-beleza/cuidado-do-rosto?p=1&product_list_limit=36
91,Saúde e Beleza,Cuidado do Rosto,614,https://www.mecofarma.com/pt/saude-e-beleza/cuidado-do-rosto?p=2&product_list_limit=36
92,Saúde e Beleza,Cuidado do Rosto,614,https://www.mecofarma.com/pt/saude-e-beleza/cuidado-do-rosto?p=3&product_list_limit=36
93,Saúde e Beleza,Cuidado do Rosto,614,https://www.mecofarma.com/pt/saude-e-beleza/cuidado-do-rosto?p=4&product_list_limit=36
94,Saúde e Beleza,Cuidado do Rosto,614,https://www.mecofarma.com/pt/saude-e-beleza/cuidado-do-rosto?p=5&product_list_limit=36
95,Saúde e Beleza,Cuidado do Rosto,614,https://www.mecofarma.com/pt/saude-e-beleza/cuidado-do-rosto?p=6&product_list_limit=36
96,Saúde e Beleza,Cuidado do Rosto,614,https://www.mecofarma.com/pt/saude-e-beleza/cuidado-do-rosto?p=7&product_list_limit=36
97,Saúde e Beleza,Cuidado do Rosto,614,https://www.mecofarma.com/pt/saude-e-beleza/cuidado-do-rosto?p=8&product_list_limit=36
98,Saúde e Beleza,Cuidado do Rosto,614,https://www.mecofarma.com/pt/saude-e-beleza/cuidado-do-rosto?p=9&product_list_limit=36
99,Saúde e Beleza,Cuidado do Rosto,614,https://www.mecofarma.com/pt/saude-e-beleza/cuidado-do-rosto?p=10&product_list_limit=36
100,Saúde e Beleza,Cuidado do Rosto,614,https://www.mecofarma.com/pt/saude-e-beleza/cuidado-do-rosto?p=11&product_list_limit=36
101,Saúde e Beleza,Cuidado do Rosto,614,https://www.mecofarma.com/pt/saude-e-beleza/cuidado-do-rosto?p=12&product_list_limit=36
102,Saúde e Beleza,Cuidado do Rosto,614,https://www.mecofarma.com/pt/saude-e-beleza/cuidado-do-rosto?p=13&product_list_limit=36
103,Saúde e Beleza,Cuidado do Rosto,614,https://www.mecofarma.com/pt/saude-e-beleza/cuidado-do-rosto?p=14&product_list_limit=36
104,Saúde e Beleza,Cuidado do Rosto,614,https://www.mecofarma.com/pt/saude-e-beleza/cuidado-do-rosto?p=15&product_list_limit=36
105,Saúde e Beleza,Cuidado do Rosto,614,https://www.mecofarma.com/pt/saude-e-beleza/cuidado-do-rosto?p=16&product_list_limit=36
106,Saúde e Beleza,Cuidado do Rosto,614,https://www.mecofarma.com/pt/saude-e-beleza/cuidado-do-rosto?p=17&product_list_limit=36
107,Saúde e Beleza,Cuidado do Rosto,614,https://www.mecofarma.com/pt/saude-e-beleza/cuidado-do-rosto?p=18&product_list_limit=36
108,Saúde e Beleza,Cabelo,180,https://www.mecofarma.com/pt/saude-e-beleza/cabelo?p=1&product_list_limit=36
109,Saúde e Beleza,Cabelo,180,https://www.mecofarma.com/pt/saude-e-beleza/cabelo?p=2&product_list_limit=36
110,Saúde e Beleza,Cabelo,180,https://www.mecofarma.com/pt/saude-e-beleza/cabelo?p=3&product_list_limit=36
111,Saúde e Beleza,Cabelo,180,https://www.mecofarma.com/pt/saude-e-beleza/cabelo?p=4&product_list_limit=36
112,Saúde e Beleza,Cabelo,180,https://www.mecofarma.com/pt/saude-e-beleza/cabelo?p=5&product_list_limit=36
113,Saúde e Beleza,Proteção Solar,198,https://www.mecofarma.com/pt/saude-e-beleza/protec-o-solar?p=1&product_list_limit=36
114,Saúde e Beleza,Proteção Solar,198,https://www.mecofarma.com/pt/saude-e-beleza/protec-o-solar?p=2&product_list_limit=36
115,Saúde e Beleza,Proteção Solar,198,https://www.mecofarma.com/pt/saude-e-beleza/protec-o-solar?p=3&product_list_limit=36
116,Saúde e Beleza,Proteção Solar,198,https://www.mecofarma.com/pt/saude-e-beleza/protec-o-solar?p=4&product_list_limit=36
117,Saúde e Beleza,Proteção Solar,198,https://www.mecofarma.com/pt/saude-e-beleza/protec-o-solar?p=5&product_list_limit=36
118,Saúde e Beleza,Proteção Solar,198,https://www.mecofarma.com/pt/saude-e-beleza/protec-o-solar?p=6&product_list_limit=36
119,Saúde e Beleza,Especial Homem,47,https://www.mecofarma.com/pt/saude-e-beleza/especial-homem?p=1&product_list_limit=36
120,Saúde e Beleza,Especial Homem,47,https://www.mecofarma.com/pt/saude-e-beleza/especial-homem?p=2&product_list_limit=36
121,Saúde e Beleza,Higiene e Saúde Oral,314,https://www.mecofarma.com/pt/saude-e-beleza/higiene-e-saude-oral?p=1&product_list_limit=36
122,Saúde e Beleza,Higiene e Saúde Oral,314,https://www.mecofarma.com/pt/saude-e-beleza/higiene-e-saude-oral?p=2&product_list_limit=36
123,Saúde e Beleza,Higiene e Saúde Oral,314,https://www.mecofarma.com/pt/saude-e-beleza/higiene-e-saude-oral?p=3&product_list_limit=36
124,Saúde e Beleza,Higiene e Saúde Oral,314,https://www.mecofarma.com/pt/saude-e-beleza/higiene-e-saude-oral?p=4&product_list_limit=36
125,Saúde e Beleza,Higiene e Saúde Oral,314,https://www.mecofarma.com/pt/saude-e-beleza/higiene-e-saude-oral?p=5&product_list_limit=36
126,Saúde e Beleza,Higiene e Saúde Oral,314,https://www.mecofarma.com/pt/saude-e-beleza/higiene-e-saude-oral?p=6&product_list_limit=36
127,Saúde e Beleza,Higiene e Saúde Oral,314,https://www.mecofarma.com/pt/saude-e-beleza/higiene-e-saude-oral?p=7&product_list_limit=36
128,Saúde e Beleza,Higiene e Saúde Oral,314,https://www.mecofarma.com/pt/saude-e-beleza/higiene-e-saude-oral?p=8&product_list_limit=36
129,Saúde e Beleza,Higiene e Saúde Oral,314,https://www.mecofarma.com/pt/saude-e-beleza/higiene-e-saude-oral?p=9&product_list_limit=36
130,Saúde e Beleza,Saúde Ossos e Músculos,31,https://www.mecofarma.com/pt/saude-e-beleza/saude-ossos-e-musculos?p=1&product_list_limit=36
131,Saúde e Beleza,Higiene íntima,64,https://www.mecofarma.com/pt/saude-e-beleza/higiene-intima?p=1&product_list_limit=36
132,Saúde e Beleza,Higiene íntima,64,https://www.mecofarma.com/pt/saude-e-beleza/higiene-intima?p=2&product_list_limit=36
133,Saúde e Beleza,Perfumaria,55,https://www.mecofarma.com/pt/saude-e-beleza/perfumaria?p=1&product_list_limit=36
134,Saúde e Beleza,Perfumaria,55,https://www.mecofarma.com/pt/saude-e-beleza/perfumaria?p=2&product_list_limit=36
135,Saúde e Beleza,Saúde Nasal,24,https://www.mecofarma.com/pt/saude-e-beleza/saude-nasal?p=1&product_list_limit=36
136,Saúde e Beleza,Saúde Auricular,35,https://www.mecofarma.com/pt/saude-e-beleza/saude-auricular?p=1&product_list_limit=36
137,Saúde e Beleza,Saúde Ocular,58,https://www.mecofarma.com/pt/saude-e-beleza/saude-ocular?p=1&product_list_limit=36
138,Saúde e Beleza,Saúde Ocular,58,https://www.mecofarma.com/pt/saude-e-beleza/saude-ocular?p=2&product_list_limit=36
139,Sexualidade,Preservativos,18,https://www.mecofarma.com/pt/sexualidade/preservativos?p=1&product_list_limit=36
140,Sexualidade,Lubrificantes e Estimulantes,29,https://www.mecofarma.com/pt/sexualidade/lubrificantes-e-estimulantes?p=1&product_list_limit=36
141,Sexualidade,Dispositivos Intra-uterinos,1,https://www.mecofarma.com/pt/sexualidade/dispositivos-intra-uterinos?p=1&product_list_limit=36
142,Ortopedia,Meias e Collants,146,https://www.mecofarma.com/pt/ortopedia/meias-e-collants?p=1&product_list_limit=36
143,Ortopedia,Meias e Collants,146,https://www.mecofarma.com/pt/ortopedia/meias-e-collants?p=2&product_list_limit=36
144,Ortopedia,Meias e Collants,146,https://www.mecofarma.com/pt/ortopedia/meias-e-collants?p=3&product_list_limit=36
145,Ortopedia,Meias e Collants,146,https://www.mecofarma.com/pt/ortopedia/meias-e-collants?p=4&product_list_limit=36
146,Ortopedia,Meias e Collants,146,https://www.mecofarma.com/pt/ortopedia/meias-e-collants?p=5&product_list_limit=36
147,Ortopedia,Joelho,53,https://www.mecofarma.com/pt/ortopedia/joelho?p=1&product_list_limit=36
148,Ortopedia,Joelho,53,https://www.mecofarma.com/pt/ortopedia/joelho?p=2&product_list_limit=36
149,Ortopedia,Cotovelo,15,https://www.mecofarma.com/pt/ortopedia/cotovelo?p=1&product_list_limit=36
150,Ortopedia,Pulso,50,https://www.mecofarma.com/pt/ortopedia/pulso?p=1&product_list_limit=36
151,Ortopedia,Pulso,50,https://www.mecofarma.com/pt/ortopedia/pulso?p=2&product_list_limit=36
152,Ortopedia,Colares Cervicais,23,https://www.mecofarma.com/pt/ortopedia/colares-cervicais?p=1&product_list_limit=36
153,Ortopedia,Pé,39,https://www.mecofarma.com/pt/ortopedia/pe?p=1&product_list_limit=36
154,Ortopedia,Pé,39,https://www.mecofarma.com/pt/ortopedia/pe?p=2&product_list_limit=36
155,Ortopedia,Coluna,37,https://www.mecofarma.com/pt/ortopedia/coluna?p=1&product_list_limit=36
156,Ortopedia,Coluna,37,https://www.mecofarma.com/pt/ortopedia/coluna?p=2&product_list_limit=36
157,Ortopedia,Perna,30,https://www.mecofarma.com/pt/ortopedia/perna?p=1&product_list_limit=36
158,Ortopedia,Mão,23,https://www.mecofarma.com/pt/ortopedia/m-o?p=1&product_list_limit=36
159,Ortopedia,Braço,11,https://www.mecofarma.com/pt/ortopedia/braco?p=1&product_list_limit=36
160,Ortopedia,Ombro,7,https://www.mecofarma.com/pt/ortopedia/ombro?p=1&product_list_limit=36
161,Ortopedia,Mobilidade e Reabilitação,21,https://www.mecofarma.com/pt/ortopedia/mobilidade-e-reabilitac-o?p=1&product_list_limit=36
162,Vida Saudável,Suplementos Alimentares,443,https://www.mecofarma.com/pt/vida-saudavel/suplementos-alimentares?p=1&product_list_limit=36
163,Vida Saudável,Suplementos Alimentares,443,https://www.mecofarma.com/pt/vida-saudavel/suplementos-alimentares?p=2&product_list_limit=36
164,Vida Saudável,Suplementos Alimentares,443,https://www.mecofarma.com/pt/vida-saudavel/suplementos-alimentares?p=3&product_list_limit=36
165,Vida Saudável,Suplementos Alimentares,443,https://www.mecofarma.com/pt/vida-saudavel/suplementos-alimentares?p=4&product_list_limit=36
166,Vida Saudável,Suplementos Alimentares,443,https://www.mecofarma.com/pt/vida-saudavel/suplementos-alimentares?p=5&product_list_limit=36
167,Vida Saudável,Suplementos Alimentares,443,https://www.mecofarma.com/pt/vida-saudavel/suplementos-alimentares?p=6&product_list_limit=36
168,Vida Saudável,Suplementos Alimentares,443,https://www.mecofarma.com/pt/vida-saudavel/suplementos-alimentares?p=7&product_list_limit=36
169,Vida Saudável,Suplementos Alimentares,443,https://www.mecofarma.com/pt/vida-saudavel/suplementos-alimentares?p=8&product_list_limit=36
170,Vida Saudável,Suplementos Alimentares,443,https://www.mecofarma.com/pt/vida-saudavel/suplementos-alimentares?p=9&product_list_limit=36
171,Vida Saudável,Suplementos Alimentares,443,https://www.mecofarma.com/pt/vida-saudavel/suplementos-alimentares?p=10&product_list_limit=36
172,Vida Saudável,Suplementos Alimentares,443,https://www.mecofarma.com/pt/vida-saudavel/suplementos-alimentares?p=11&product_list_limit=36
173,Vida Saudável,Suplementos Alimentares,443,https://www.mecofarma.com/pt/vida-saudavel/suplementos-alimentares?p=12&product_list_limit=36
174,Vida Saudável,Suplementos Alimentares,443,https://www.mecofarma.com/pt/vida-saudavel/suplementos-alimentares?p=13&product_list_limit=36
175,Vida Saudável,Prevenção Picadas,10,https://www.mecofarma.com/pt/vida-saudavel/prevenc-o-picadas?p=1&product_list_limit=36
176,Acessórios e Dispositivos Médicos,Enfermagem,381,https://www.mecofarma.com/pt/acessorios-dispositivos-medic/enfermagem?p=1&product_list_limit=36
177,Acessórios e Dispositivos Médicos,Enfermagem,381,https://www.mecofarma.com/pt/acessorios-dispositivos-medic/enfermagem?p=2&product_list_limit=36
178,Acessórios e Dispositivos Médicos,Enfermagem,381,https://www.mecofarma.com/pt/acessorios-dispositivos-medic/enfermagem?p=3&product_list_limit=36
179,Acessórios e Dispositivos Médicos,Enfermagem,381,https://www.mecofarma.com/pt/acessorios-dispositivos-medic/enfermagem?p=4&product_list_limit=36
180,Acessórios e Dispositivos Médicos,Enfermagem,381,https://www.mecofarma.com/pt/acessorios-dispositivos-medic/enfermagem?p=5&product_list_limit=36
181,Acessórios e Dispositivos Médicos,Enfermagem,381,https://www.mecofarma.com/pt/acessorios-dispositivos-medic/enfermagem?p=6&product_list_limit=36
182,Acessórios e Dispositivos Médicos,Enfermagem,381,https://www.mecofarma.com/pt/acessorios-dispositivos-medic/enfermagem?p=7&product_list_limit=36
183,Acessórios e Dispositivos Médicos,Enfermagem,381,https://www.mecofarma.com/pt/acessorios-dispositivos-medic/enfermagem?p=8&product_list_limit=36
184,Acessórios e Dispositivos Médicos,Enfermagem,381,https://www.mecofarma.com/pt/acessorios-dispositivos-medic/enfermagem?p=9&product_list_limit=36
185,Acessórios e Dispositivos Médicos,Enfermagem,381,https://www.mecofarma.com/pt/acessorios-dispositivos-medic/enfermagem?p=10&product_list_limit=36
186,Acessórios e Dispositivos Médicos,Enfermagem,381,https://www.mecofarma.com/pt/acessorios-dispositivos-medic/enfermagem?p=11&product_list_limit=36
187,Acessórios e Dispositivos Médicos,Diabetologia,33,https://www.mecofarma.com/pt/acessorios-dispositivos-medic/diabetologia?p=1&product_list_limit=36
188,Acessórios e Dispositivos Médicos,Incontinência Urinária,15,https://www.mecofarma.com/pt/acessorios-dispositivos-medic/incontinencia-urinaria?p=1&product_list_limit=36
189,Acessórios e Dispositivos Médicos,Testes e Diagnóstico,48,https://www.mecofarma.com/pt/acessorios-dispositivos-medic/testes-e-diagnostico?p=1&product_list_limit=36
190,Acessórios e Dispositivos Médicos,Testes e Diagnóstico,48,https://www.mecofarma.com/pt/acessorios-dispositivos-medic/testes-e-diagnostico?p=2&product_list_limit=36
191,Acessórios e Dispositivos Médicos,Desinfetantes,45,https://www.mecofarma.com/pt/acessorios-dispositivos-medic/desinfetantes?p=1&product_list_limit=36
192,Acessórios e Dispositivos Médicos,Desinfetantes,45,https://www.mecofarma.com/pt/acessorios-dispositivos-medic/desinfetantes?p=2&product_list_limit=36
193,Acessórios e Dispositivos Médicos,Ajudas Respiratórias,18,https://www.mecofarma.com/pt/acessorios-dispositivos-medic/ajudas-respiratorias?p=1&product_list_limit=36
194,Acessórios e Dispositivos Médicos,Consumíveis Hospitalares,38,https://www.mecofarma.com/pt/acessorios-dispositivos-medic/consumiveis-hospitalares?p=1&product_list_limit=36
195,Acessórios e Dispositivos Médicos,Consumíveis Hospitalares,38,https://www.mecofarma.com/pt/acessorios-dispositivos-medic/consumiveis-hospitalares?p=2&product_list_limit=36
